-- phpMyAdmin SQL Dump
-- version 4.0.10deb1
-- http://www.phpmyadmin.net
--
-- Machine: localhost
-- Genereertijd: 22 jan 2015 om 09:10
-- Serverversie: 5.5.40-0ubuntu0.14.04.1
-- PHP-versie: 5.5.9-1ubuntu4.5

SET SQL_MODE = "NO_AUTO_VALUE_ON_ZERO";
SET time_zone = "+00:00";


/*!40101 SET @OLD_CHARACTER_SET_CLIENT=@@CHARACTER_SET_CLIENT */;
/*!40101 SET @OLD_CHARACTER_SET_RESULTS=@@CHARACTER_SET_RESULTS */;
/*!40101 SET @OLD_COLLATION_CONNECTION=@@COLLATION_CONNECTION */;
/*!40101 SET NAMES utf8 */;

--
-- Databank: `kippo`
--

-- --------------------------------------------------------

--
-- Tabelstructuur voor tabel `auth`
--

CREATE TABLE IF NOT EXISTS `auth` (
  `id` int(11) NOT NULL AUTO_INCREMENT,
  `session` char(32) NOT NULL,
  `success` tinyint(1) NOT NULL,
  `username` varchar(100) NOT NULL,
  `password` varchar(100) NOT NULL,
  `timestamp` datetime NOT NULL,
  PRIMARY KEY (`id`)
) ENGINE=InnoDB  DEFAULT CHARSET=latin1 AUTO_INCREMENT=22 ;

--
-- Gegevens worden uitgevoerd voor tabel `auth`
--

INSERT INTO `auth` (`id`, `session`, `success`, `username`, `password`, `timestamp`) VALUES
(1, 'a61479169a5d11e4a0b5000c29c7ad77', 0, 'test1', 'dd', '2015-01-06 13:19:37'),
(2, '2fc7a0d89a5f11e4a84a000c29c7ad77', 0, 'user', 'azerty123', '2015-01-06 13:30:43'),
(3, '4a0949b09a5f11e4a84a000c29c7ad77', 0, 'root', 'assdf', '2015-01-12 13:31:23'),
(4, '6c50fd7e9a5f11e49998000c29c7ad77', 0, 'root', 'cfgsggqf', '2015-01-12 13:32:19'),
(5, 'f9b8944c9a5f11e49ade000c29c7ad77', 0, 'root', 'ddcfg', '2015-01-12 13:36:17'),
(6, '193b2fd29a6011e49c14000c29c7ad77', 0, 'root', 'sqdqsd', '2015-01-12 13:37:10'),
(7, '6946ac729a6011e4b301000c29c7ad77', 0, 'adminuser', 'password123', '2015-01-12 13:39:36'),
(8, '797afb029a6011e4b301000c29c7ad77', 0, 'adminuser', '123456', '2015-01-12 13:39:56'),
(9, '85387d989a6011e4b301000c29c7ad77', 0, 'adminuser', 'azdxccf', '2015-01-12 13:40:19'),
(10, 'b719f92c9a6011e49a84000c29c7ad77', 0, 'root', 'password', '2015-01-12 13:41:37'),
(11, 'fa4bf36c9a6011e4b392000c29c7ad77', 0, 'root', 'edffs5854', '2015-01-12 13:44:29'),
(12, '1b55211a9bd211e4b70f000c29c7ad77', 0, 'test14', 'fsjfshfj56', '2015-01-14 10:45:50'),
(13, '56abdda29bd811e4a902000c29c7ad77', 0, 'root', 'azerty', '2015-01-14 11:30:34'),
(14, '81a1628e9bd811e4a902000c29c7ad77', 1, 'root', '123456', '2015-01-14 11:31:37'),
(15, 'b5d517149bdb11e49e28000c29c7ad77', 0, 'root', 'basil', '2015-01-14 11:54:33'),
(16, 'ccc8dcee9bdb11e4bd14000c29c7ad77', 0, 'root', 'hasselt35000', '2015-01-14 11:55:20'),
(17, 'e87a3adc9bdb11e4a49c000c29c7ad77', 0, 'user1', 'password', '2015-01-14 11:56:04'),
(18, '0105e5929bdc11e4a553000c29c7ad77', 1, 'root', '123456', '2015-01-14 11:56:39'),
(19, '40d2f2ec9be511e4ad76000c29c7ad77', 0, 'user', 'dfsqÃ¨Ã¨!Ã§', '2015-01-14 13:02:56'),
(20, '11973f009cbd11e4b496000c29c7ad77', 1, 'root', '123456', '2015-01-15 14:47:43'),
(21, '624f9a149cc211e4b496000c29c7ad77', 1, 'root', '123456', '2015-01-15 15:25:48');

-- --------------------------------------------------------

--
-- Tabelstructuur voor tabel `clients`
--

CREATE TABLE IF NOT EXISTS `clients` (
  `id` int(4) NOT NULL AUTO_INCREMENT,
  `version` varchar(50) NOT NULL,
  PRIMARY KEY (`id`)
) ENGINE=InnoDB  DEFAULT CHARSET=latin1 AUTO_INCREMENT=2 ;

--
-- Gegevens worden uitgevoerd voor tabel `clients`
--

INSERT INTO `clients` (`id`, `version`) VALUES
(1, 'SSH-2.0-PuTTY_Release_0.63');

-- --------------------------------------------------------

--
-- Tabelstructuur voor tabel `downloads`
--

CREATE TABLE IF NOT EXISTS `downloads` (
  `id` int(11) NOT NULL AUTO_INCREMENT,
  `session` char(32) NOT NULL,
  `timestamp` datetime NOT NULL,
  `url` text NOT NULL,
  `outfile` text NOT NULL,
  PRIMARY KEY (`id`),
  KEY `session` (`session`,`timestamp`)
) ENGINE=InnoDB  DEFAULT CHARSET=latin1 AUTO_INCREMENT=3 ;

--
-- Gegevens worden uitgevoerd voor tabel `downloads`
--

INSERT INTO `downloads` (`id`, `session`, `timestamp`, `url`, `outfile`) VALUES
(1, '81a1628e9bd811e4a902000c29c7ad77', '2015-01-14 11:33:31', 'http://192.168.2.145/a_hitchhackers_guide_to_the_galaxy.zip', 'dl/20150114103331_http___192_168_2_145_a_hitchhackers_guide_to_the_galaxy_zip'),
(2, '0105e5929bdc11e4a553000c29c7ad77', '2015-01-14 11:58:14', 'http://mega/file/768269/superRT.zip', 'dl/20150114105814_http___192_168_2_145_superRT_zip');

-- --------------------------------------------------------

--
-- Tabelstructuur voor tabel `input`
--

CREATE TABLE IF NOT EXISTS `input` (
  `id` int(11) NOT NULL AUTO_INCREMENT,
  `session` char(32) NOT NULL,
  `timestamp` datetime NOT NULL,
  `realm` varchar(50) DEFAULT NULL,
  `success` tinyint(1) DEFAULT NULL,
  `input` text NOT NULL,
  PRIMARY KEY (`id`),
  KEY `session` (`session`,`timestamp`,`realm`)
) ENGINE=InnoDB  DEFAULT CHARSET=latin1 AUTO_INCREMENT=20 ;

--
-- Gegevens worden uitgevoerd voor tabel `input`
--

INSERT INTO `input` (`id`, `session`, `timestamp`, `realm`, `success`, `input`) VALUES
(1, '81a1628e9bd811e4a902000c29c7ad77', '2015-01-14 11:33:31', NULL, 1, 'wget http://192.168.2.145/a_hitchhackers_guide_to_the_galaxy.zip'),
(2, '81a1628e9bd811e4a902000c29c7ad77', '2015-01-14 11:33:34', NULL, 1, 'exit'),
(3, '0105e5929bdc11e4a553000c29c7ad77', '2015-01-14 11:57:07', NULL, 1, 'apt-get install htop'),
(4, '0105e5929bdc11e4a553000c29c7ad77', '2015-01-14 11:57:19', NULL, 1, 'htop'),
(5, '0105e5929bdc11e4a553000c29c7ad77', '2015-01-14 11:57:23', NULL, 1, 'passwd root'),
(6, '0105e5929bdc11e4a553000c29c7ad77', '2015-01-14 11:57:26', 'passwd', NULL, 'test'),
(7, '0105e5929bdc11e4a553000c29c7ad77', '2015-01-14 11:57:28', 'passwd', NULL, 'test'),
(8, '0105e5929bdc11e4a553000c29c7ad77', '2015-01-14 11:57:46', NULL, 1, 'cat /proc/cpuinfo'),
(9, '0105e5929bdc11e4a553000c29c7ad77', '2015-01-14 11:58:14', NULL, 1, 'wget http://192.168.2.145/superRT.zip'),
(10, '0105e5929bdc11e4a553000c29c7ad77', '2015-01-14 11:58:18', NULL, 1, 'ls'),
(11, '0105e5929bdc11e4a553000c29c7ad77', '2015-01-14 11:58:23', NULL, 1, 'tar -xf superRT.zip'),
(12, '0105e5929bdc11e4a553000c29c7ad77', '2015-01-14 11:58:33', NULL, 0, 'sudo tar -xf superRT.zip'),
(13, '0105e5929bdc11e4a553000c29c7ad77', '2015-01-14 11:58:42', NULL, 1, 'ping www.google.com'),
(14, '0105e5929bdc11e4a553000c29c7ad77', '2015-01-14 11:58:50', NULL, 0, 'arp -a'),
(16, '624f9a149cc211e4b496000c29c7ad77', '2015-01-15 15:26:01', NULL, 1, 'apt-get install htop'),
(17, '624f9a149cc211e4b496000c29c7ad77', '2015-01-15 15:26:31', NULL, 1, 'htop'),
(18, '624f9a149cc211e4b496000c29c7ad77', '2015-01-15 15:27:03', NULL, 1, 'wget http://192.169.2.145/toolkit.zip'),
(19, '624f9a149cc211e4b496000c29c7ad77', '2015-01-15 15:27:39', NULL, 1, 'exit');

-- --------------------------------------------------------

--
-- Tabelstructuur voor tabel `mapData`
--

CREATE TABLE IF NOT EXISTS `mapData` (
  `id` int(11) NOT NULL AUTO_INCREMENT,
  `ip` varchar(50) NOT NULL,
  `geo1` varchar(50) NOT NULL,
  `geo2` varchar(50) NOT NULL,
  `land` varchar(50) NOT NULL,
  `type` varchar(50) NOT NULL,
  `datum` varchar(50) NOT NULL,
  PRIMARY KEY (`id`)
) ENGINE=InnoDB  DEFAULT CHARSET=latin1 AUTO_INCREMENT=22 ;

--
-- Gegevens worden uitgevoerd voor tabel `mapData`
--

INSERT INTO `mapData` (`id`, `ip`, `geo1`, `geo2`, `land`, `type`, `datum`) VALUES
(1, '67.38.73.12', '38.0000', '-97.0000\n', 'US\n', 'ssh', '2015-01-03 13:19:34'),
(2, '115.239.228.15', '30.0110', '120.5715\n', 'CN\n', 'ssh', '2015-01-03 13:30:34'),
(3, '115.239.228.15', '30.0110', '120.5715\n', 'CN\n', 'ssh', '2015-01-06 13:31:18'),
(4, '62.210.140.121', '48.8600', '2.3500\n', 'FR\n', 'ssh', '2015-01-06 13:32:16'),
(5, '103.41.124.62', '22.2833', '114.1500\n', 'HK\n', 'php', '2015-01-06 13:36:13'),
(6, '192.227.237.210', '42.9864', '-78.7279\n', 'US\n', 'ssh', '2015-01-12 13:37:06'),
(7, '218.2.0.133', '32.0617', '118.7778\n', 'CN\n', 'ssh', '2015-01-12 13:39:20'),
(8, '218.2.0.133', '32.0617', '118.7778\n', 'CN\n', 'ssh', '2015-01-12 13:39:47'),
(9, '218.2.0.133', '32.0617', '118.7778\n', 'CN\n', 'ssh', '2015-01-12 13:40:07'),
(10, '1.30.20.148', '40.6522', '109.8222\n', 'CN\n', 'ssh', '2015-01-12 13:41:31'),
(11, '103.41.124.64', '22.2833', '114.1500\n', 'HK\n', 'ssh', '2015-01-12 13:43:24'),
(13, '103.41.124.64', '22.2833', '114.1500\n', 'HK\n', 'ssh', '2015-01-14 10:45:44'),
(14, '59.17.128.31', '37.5700', '126.9800\n', 'KR\n', 'ssh', '2015-01-14 11:30:20'),
(15, '59.17.128.31', '37.5700', '126.9800\n', 'KR\n', 'ssh', '2015-01-14 11:31:32'),
(16, '67.33.88.12', '38.0000', '-97.0000\n', 'US\n', 'ssh', '2015-01-14 11:54:28'),
(17, '92.71.49.12', '50.1167', '8.6833\n', 'DE\n', 'ssh', '2015-01-14 11:55:07'),
(18, '87.12.54.88', '42.8333', '12.8333\n', 'IT\n', 'ssh', '2015-01-14 11:55:53'),
(19, '20.11.75.39', '38.8640', '-77.1922\n', 'US\n', 'ssh', '2015-01-14 11:56:34'),
(21, '193.190.154.178', '51.2167', '4.4167\n', 'BE\n', 'ssh', '2015-01-15 15:25:41');

-- --------------------------------------------------------

--
-- Tabelstructuur voor tabel `sensors`
--

CREATE TABLE IF NOT EXISTS `sensors` (
  `id` int(11) NOT NULL AUTO_INCREMENT,
  `ip` varchar(15) NOT NULL,
  PRIMARY KEY (`id`)
) ENGINE=InnoDB  DEFAULT CHARSET=latin1 AUTO_INCREMENT=3 ;

--
-- Gegevens worden uitgevoerd voor tabel `sensors`
--

INSERT INTO `sensors` (`id`, `ip`) VALUES
(1, '192.168.137.182'),
(2, '192.168.2.142');

-- --------------------------------------------------------

--
-- Tabelstructuur voor tabel `sessions`
--

CREATE TABLE IF NOT EXISTS `sessions` (
  `id` char(32) NOT NULL,
  `starttime` datetime NOT NULL,
  `endtime` datetime DEFAULT NULL,
  `sensor` int(4) NOT NULL,
  `ip` varchar(15) NOT NULL DEFAULT '',
  `termsize` varchar(7) DEFAULT NULL,
  `client` int(4) DEFAULT NULL,
  PRIMARY KEY (`id`),
  KEY `starttime` (`starttime`,`sensor`)
) ENGINE=InnoDB DEFAULT CHARSET=latin1;

--
-- Gegevens worden uitgevoerd voor tabel `sessions`
--

INSERT INTO `sessions` (`id`, `starttime`, `endtime`, `sensor`, `ip`, `termsize`, `client`) VALUES
('0105e5929bdc11e4a553000c29c7ad77', '2015-01-14 11:56:34', '2015-01-14 11:58:54', 2, '192.168.2.145', '80x24', 1),
('193b2fd29a6011e49c14000c29c7ad77', '2015-01-12 13:37:05', '2015-01-12 13:37:13', 1, '192.168.137.1', NULL, 1),
('1b55211a9bd211e4b70f000c29c7ad77', '2015-01-14 10:45:43', '2015-01-14 10:45:53', 2, '192.168.2.145', NULL, NULL),
('2fc7a0d89a5f11e4a84a000c29c7ad77', '2015-01-12 13:30:34', '2015-01-12 13:30:51', 1, '192.168.137.1', NULL, 1),
('3d8de48e9c9e11e4a337000c29c7ad77', '2015-01-15 11:06:57', '2015-01-15 11:07:06', 2, '192.168.2.129', NULL, 1),
('40d2f2ec9be511e4ad76000c29c7ad77', '2015-01-14 13:02:46', '2015-01-14 13:02:58', 2, '192.168.2.145', NULL, 1),
('4a0949b09a5f11e4a84a000c29c7ad77', '2015-01-12 13:31:18', '2015-01-12 13:31:26', 1, '192.168.137.1', NULL, 1),
('56abdda29bd811e4a902000c29c7ad77', '2015-01-14 11:30:19', '2015-01-14 11:30:36', 2, '192.168.2.145', NULL, 1),
('624f9a149cc211e4b496000c29c7ad77', '2015-01-15 15:25:41', '2015-01-15 15:27:39', 2, '192.168.2.145', '80x24', 1),
('6946ac729a6011e4b301000c29c7ad77', '2015-01-12 13:39:20', '2015-01-12 13:39:40', 1, '192.168.137.1', NULL, 1),
('6c50fd7e9a5f11e49998000c29c7ad77', '2015-01-12 13:32:15', '2015-01-12 13:32:21', 1, '192.168.137.1', NULL, 1),
('797afb029a6011e4b301000c29c7ad77', '2015-01-12 13:39:47', '2015-01-12 13:39:59', 1, '192.168.137.1', NULL, 1),
('81a1628e9bd811e4a902000c29c7ad77', '2015-01-14 11:31:31', '2015-01-14 11:33:34', 2, '192.168.2.145', '80x24', 1),
('85387d989a6011e4b301000c29c7ad77', '2015-01-12 13:40:07', '2015-01-12 13:40:26', 1, '192.168.137.1', NULL, 1),
('a61479169a5d11e4a0b5000c29c7ad77', '2015-01-12 13:19:33', '2015-01-12 13:19:42', 1, '192.168.137.1', NULL, 1),
('b5d517149bdb11e49e28000c29c7ad77', '2015-01-14 11:54:27', '2015-01-14 11:54:38', 2, '192.168.2.145', NULL, 1),
('b719f92c9a6011e49a84000c29c7ad77', '2015-01-12 13:41:30', '2015-01-12 13:41:42', 1, '192.168.137.1', NULL, 1),
('ccc8dcee9bdb11e4bd14000c29c7ad77', '2015-01-14 11:55:06', '2015-01-14 11:55:24', 2, '192.168.2.145', NULL, 1),
('e87a3adc9bdb11e4a49c000c29c7ad77', '2015-01-14 11:55:52', '2015-01-14 11:56:07', 2, '192.168.2.145', NULL, 1),
('f9b8944c9a5f11e49ade000c29c7ad77', '2015-01-12 13:36:13', '2015-01-12 13:36:19', 1, '192.168.137.1', NULL, 1),
('fa4bf36c9a6011e4b392000c29c7ad77', '2015-01-12 13:43:23', '2015-01-12 13:44:32', 1, '192.168.137.1', NULL, 1);

-- --------------------------------------------------------

--
-- Tabelstructuur voor tabel `ttylog`
--

CREATE TABLE IF NOT EXISTS `ttylog` (
  `id` int(11) NOT NULL AUTO_INCREMENT,
  `session` char(32) NOT NULL,
  `ttylog` mediumblob NOT NULL,
  PRIMARY KEY (`id`)
) ENGINE=InnoDB  DEFAULT CHARSET=latin1 AUTO_INCREMENT=11 ;

--
-- Gegevens worden uitgevoerd voor tabel `ttylog`
--

INSERT INTO `ttylog` (`id`, `session`, `ttylog`) VALUES
(1, '81a1628e9bd811e4a902000c29c7ad77', 0x010000000000000000000000000000008945b654379e0000030000000000000004000000020000008945b6540ebb0a001b5b346803000000000000000e000000020000008945b654b91b0b00726f6f744073767230333a7e232003000000000000000100000001000000d645b654045e03007703000000000000000100000002000000d645b654d05e03007703000000000000000100000001000000d645b6547b6e07006703000000000000000100000002000000d645b654066f07006703000000000000000100000001000000d645b654918208006503000000000000000100000002000000d645b654018308006503000000000000000100000001000000d645b6545c2b0b007403000000000000000100000002000000d645b654552c0b007403000000000000000100000001000000d645b654d1240d002003000000000000000100000002000000d645b65456250d002003000000000000000100000001000000d745b6548d0600006803000000000000000100000002000000d745b654170700006803000000000000000100000001000000d745b6545ae101007403000000000000000100000002000000d745b654d3e101007403000000000000000100000001000000d745b654fa5e04007403000000000000000100000002000000d745b6546d5f04007403000000000000000100000001000000d745b65447eb09007003000000000000000100000002000000d745b654d5eb09007003000000000000000100000001000000d845b654c62e04003a03000000000000000100000002000000d845b6546a2f04003a03000000000000000100000001000000d845b654f12a09002f03000000000000000100000002000000d845b654862b09002f03000000000000000100000001000000d845b6543f5b0b002f03000000000000000100000002000000d845b654d75b0b002f03000000000000000100000001000000e345b654c9d70e003103000000000000000100000002000000e345b65465d80e003103000000000000000100000001000000e445b654490c05003903000000000000000100000002000000e445b654d50c05003903000000000000000100000001000000e445b654145806003203000000000000000100000002000000e445b654965806003203000000000000000100000001000000e545b6546a5900002e03000000000000000100000002000000e545b654005a00002e03000000000000000100000001000000e545b654c2b402003103000000000000000100000002000000e545b6544eb502003103000000000000000100000001000000e545b6547edc05003603000000000000000100000002000000e545b654f9dc05003603000000000000000100000001000000e545b654585f08003803000000000000000100000002000000e545b654cf5f08003803000000000000000100000001000000e545b654a9fa0e002e03000000000000000100000002000000e545b65438fb0e002e03000000000000000100000001000000e645b654915d02003203000000000000000100000002000000e645b6541b5e02003203000000000000000100000001000000e645b654732906002e03000000000000000100000002000000e645b654fc2906002e03000000000000000100000001000000e645b65459050a003103000000000000000100000002000000e645b654d0050a003103000000000000000100000001000000e745b654023901003403000000000000000100000002000000e745b654a23901003403000000000000000100000001000000e745b654789e03003503000000000000000100000002000000e745b654069f03003503000000000000000100000001000000e845b6541f4200002f03000000000000000100000002000000e845b654ad4200002f03000000000000000100000001000000e945b654c4ec07006103000000000000000100000002000000e945b65469ed07006103000000000000000100000001000000e945b654d79e0c005f03000000000000000100000002000000e945b654639f0c005f03000000000000000100000001000000ea45b654813605006803000000000000000100000002000000ea45b6540c3705006803000000000000000100000001000000ea45b6546e5409006903000000000000000100000002000000ea45b654ef5409006903000000000000000100000001000000ea45b6542d6e0c007403000000000000000100000002000000ea45b654ba6e0c007403000000000000000100000001000000eb45b654a83900006303000000000000000100000002000000eb45b6542e3a00006303000000000000000100000001000000eb45b654ebbb02006803000000000000000100000002000000eb45b65479bc02006803000000000000000100000001000000ed45b65405a60a006803000000000000000100000002000000ed45b65493a60a006803000000000000000100000001000000ed45b6542a2f0c006103000000000000000100000002000000ed45b6549d2f0c006103000000000000000100000001000000ed45b65412860e006303000000000000000100000002000000ed45b65491860e006303000000000000000100000001000000ee45b654a2a800006b03000000000000000100000002000000ee45b65409a900006b03000000000000000100000001000000ee45b654d11602006503000000000000000100000002000000ee45b654431702006503000000000000000100000001000000ee45b654091904007203000000000000000100000002000000ee45b654b81904007203000000000000000100000001000000ee45b65424c106007303000000000000000100000002000000ee45b654c0c106007303000000000000000100000001000000f045b65494a002005f03000000000000000100000002000000f045b65428a102005f03000000000000000100000001000000f045b6540a3b08006703000000000000000100000002000000f045b654953b08006703000000000000000100000001000000f045b6542c460a007503000000000000000100000002000000f045b654f7460a007503000000000000000100000001000000f045b654771b0c006903000000000000000100000002000000f045b654051c0c006903000000000000000100000001000000f045b654597d0d006403000000000000000100000002000000f045b654de7d0d006403000000000000000100000001000000f145b654f31100006503000000000000000100000002000000f145b6546e1200006503000000000000000100000001000000f345b654018c0d005f03000000000000000100000002000000f345b6548e8c0d005f03000000000000000100000001000000f445b654719f04007403000000000000000100000002000000f445b6540da004007403000000000000000100000001000000f445b6540e9d06006f03000000000000000100000002000000f445b654979d06006f03000000000000000100000001000000f445b65407eb0c005f03000000000000000100000002000000f445b65494eb0c005f03000000000000000100000001000000f545b654ab4906007403000000000000000100000002000000f545b6544b4a06007403000000000000000100000001000000f545b654c81f08006803000000000000000100000002000000f545b654572008006803000000000000000100000001000000f545b654576609006503000000000000000100000002000000f545b654cb6609006503000000000000000100000001000000f745b654f27e03005f03000000000000000100000002000000f745b654867f03005f03000000000000000100000001000000f845b6544a0d04006703000000000000000100000002000000f845b654e50d04006703000000000000000100000001000000f845b654d35209006103000000000000000100000002000000f845b6545f5309006103000000000000000100000001000000f845b6547d6b0c006c03000000000000000100000002000000f845b654056c0c006c03000000000000000100000001000000f845b654501c0e006103000000000000000100000002000000f845b654da1c0e006103000000000000000100000001000000f945b6548ee802007803000000000000000100000002000000f945b65419e902007803000000000000000100000001000000f945b6549d2208007903000000000000000100000002000000f945b6542c2308007903000000000000000100000001000000fa45b654cc6208002e03000000000000000100000002000000fa45b654686308002e03000000000000000100000001000000fa45b654a5690c007a03000000000000000100000002000000fa45b654356a0c007a03000000000000000100000001000000fa45b6547fb80e006903000000000000000100000002000000fa45b65403b90e006903000000000000000100000001000000fb45b654e54102007003000000000000000100000002000000fb45b654684202007003000000000000000100000001000000fb45b6546b030d000d03000000000000000100000002000000fb45b6542a040d000a03000000000000000400000002000000fb45b6549e5e0d001b5b346c03000000000000005400000002000000fb45b6547a670d002d2d323031352d30312d31342031303a33333a33312d2d2020687474703a2f2f3139322e3136382e322e3134352f615f68697463686861636b6572735f67756964655f746f5f7468655f67616c6178792e7a697003000000000000000100000002000000fb45b65452680d000a03000000000000002c00000002000000fb45b654de680d00436f6e6e656374696e6720746f203139322e3136382e322e3134353a38302e2e2e20636f6e6e65637465642e03000000000000000100000002000000fb45b65462690d000a03000000000000002800000002000000fb45b654e4690d004854545020726571756573742073656e742c206177616974696e6720726573706f6e73652e2e2e2003000000000000000600000002000000fb45b65466810d00323030204f4b03000000000000000100000002000000fb45b6545c820d000a03000000000000002300000002000000fb45b65404830d004c656e6774683a20323034322028314b29205b6170706c69636174696f6e2f7a69705d03000000000000000100000002000000fb45b65487830d000a03000000000000003200000002000000fb45b65402850d00536176696e6720746f3a2060615f68697463686861636b6572735f67756964655f746f5f7468655f67616c6178792e7a697003000000000000000100000002000000fb45b6548e850d000a03000000000000000100000002000000fb45b65426860d000a03000000000000004b00000002000000fb45b654995b0e000d31303025205b3d3d3d3d3d3d3d3d3d3d3d3d3d3d3d3d3d3d3d3d3d3d3d3d3d3d3d3d3d3d3d3d3d3d3d3d3d3d3d3e5d20322c303432202020202020202033334b2f73202065746120307303000000000000004100000002000000fb45b6547c5d0e000d313030255b3d3d3d3d3d3d3d3d3d3d3d3d3d3d3d3d3d3d3d3d3d3d3d3d3d3d3d3d3d3d3d3d3d3d3d3d3d3d3e5d20322c303432202020202020202033334b2f7303000000000000000100000002000000fb45b654585e0e000a03000000000000000100000002000000fb45b654e45e0e000a03000000000000005a00000002000000fb45b6547e5f0e00323031352d30312d31342031303a33333a333120283333204b422f7329202d2060615f68697463686861636b6572735f67756964655f746f5f7468655f67616c6178792e7a697027207361766564205b323034322f323034325d03000000000000000100000002000000fb45b65404600e000a03000000000000000400000002000000fb45b6548b640e001b5b346803000000000000000e00000002000000fb45b65449650e00726f6f744073767230333a7e232003000000000000000100000001000000fe45b65464ea01006503000000000000000100000002000000fe45b654f4ea01006503000000000000000100000001000000fe45b654cab704007803000000000000000100000002000000fe45b654b4b804007803000000000000000100000001000000fe45b6543f6506006903000000000000000100000002000000fe45b654cb6506006903000000000000000100000001000000fe45b654af1408007403000000000000000100000002000000fe45b654231508007403000000000000000100000001000000fe45b6548b780d000d03000000000000000100000002000000fe45b65412790d000a03000000000000000400000002000000fe45b6548c7b0d001b5b346c03000000000000000200000002000000fe45b6543b800d001b6303000000000000000400000002000000fe45b654be820d001b5b346803000000000000000e00000002000000fe45b65477830d00726f6f744073767230333a7e232002000000000000000000000000000000fe45b654e8bb0d00),
(2, '0105e5929bdc11e4a553000c29c7ad77', 0x01000000000000000000000000000000674bb6547d1c050003000000000000000400000002000000674bb65441410e001b5b346803000000000000000e00000002000000674bb654b0460e00726f6f744073767230333a7e2320030000000000000001000000010000007e4bb654dc6f0e0061030000000000000001000000020000007e4bb654ea700e0061030000000000000001000000010000007f4bb6544380010070030000000000000001000000020000007f4bb654bf80010070030000000000000001000000010000007f4bb65479d6030074030000000000000001000000020000007f4bb654fad6030074030000000000000001000000010000007f4bb654bed909002d030000000000000001000000020000007f4bb6544dda09002d030000000000000001000000010000007f4bb65433660b0067030000000000000001000000020000007f4bb654a5660b0067030000000000000001000000010000007f4bb654cf4c0e0065030000000000000001000000020000007f4bb654534d0e006503000000000000000100000001000000804bb654a47b01007403000000000000000100000002000000804bb6541a7c01007403000000000000000100000001000000804bb65478ab03002003000000000000000100000002000000804bb654eeab03002003000000000000000100000001000000804bb6547aa805006903000000000000000100000002000000804bb654e5a805006903000000000000000100000001000000804bb6547dd407006e03000000000000000100000002000000804bb654efd407006e03000000000000000100000001000000804bb654989b08007303000000000000000100000002000000804bb654049c08007303000000000000000100000001000000804bb654af4a0b007403000000000000000100000002000000804bb654274b0b007403000000000000000100000001000000804bb6548ba70e006103000000000000000100000002000000804bb6540da80e006103000000000000000100000001000000814bb65455a201006c03000000000000000100000002000000814bb654dca201006c03000000000000000100000001000000814bb65422c603006c03000000000000000100000002000000814bb6549ac603006c03000000000000000100000001000000814bb654cf4e0b002003000000000000000100000002000000814bb654524f0b002003000000000000000100000001000000824bb65438c304006803000000000000000100000002000000824bb654c2c304006803000000000000000100000001000000824bb65471fe05007403000000000000000100000002000000824bb654ddfe05007403000000000000000100000001000000824bb654ff8c09006f03000000000000000100000002000000824bb6547c8d09006f03000000000000000100000001000000824bb654f38f0b007003000000000000000100000002000000824bb6545a900b007003000000000000000100000001000000834bb65474d701000d03000000000000000100000002000000834bb65431d801000a03000000000000000400000002000000834bb654a3e401001b5b346c03000000000000001d00000002000000834bb654dbed010052656164696e67207061636b616765206c697374732e2e2e20446f6e6503000000000000000100000002000000834bb654ffee01000a03000000000000001800000002000000834bb6549eef01004275696c64696e6720646570656e64656e6379207472656503000000000000000100000002000000834bb65429f001000a03000000000000002100000002000000834bb654abf0010052656164696e6720737461746520696e666f726d6174696f6e2e2e2e20446f6e6503000000000000000100000002000000834bb65439f101000a03000000000000002d00000002000000834bb654b6f1010054686520666f6c6c6f77696e67204e4557207061636b616765732077696c6c20626520696e7374616c6c65643a03000000000000000100000002000000834bb65441f201000a03000000000000000700000002000000834bb654f8f20100202068746f702003000000000000000100000002000000834bb6549bf401000a03000000000000004000000002000000834bb6543bf50100302075706772616465642c2031206e65776c7920696e7374616c6c65642c203020746f2072656d6f766520616e6420323539206e6f742075706772616465642e03000000000000000100000002000000834bb654c9f501000a03000000000000002000000002000000834bb6544af601004e65656420746f20676574203138372e326b42206f662061726368697665732e03000000000000000100000002000000834bb654cbf601000a03000000000000004400000002000000834bb65460f7010041667465722074686973206f7065726174696f6e2c203431312e346b42206f66206164646974696f6e616c206469736b2073706163652077696c6c20626520757365642e03000000000000000100000002000000834bb654e3f701000a03000000000000003c00000002000000834bb6546cf801004765743a3120687474703a2f2f6674702e64656269616e2e6f726720737461626c652f6d61696e2068746f7020302e362d31205b3138372e326b425d03000000000000000100000002000000834bb654edf801000a03000000000000001f00000002000000844bb65497ac0c0046657463686564203138372e326b4220696e203173202834343933422f732903000000000000000100000002000000844bb654cead0c000a03000000000000001e00000002000000844bb65453ae0c0052656164696e67207061636b616765206669656c64732e2e2e20446f6e6503000000000000000100000002000000844bb654d8ae0c000a03000000000000001e00000002000000864bb65407ae050052656164696e67207061636b616765207374617475732e2e2e20446f6e6503000000000000000100000002000000864bb6542aaf05000a03000000000000004800000002000000864bb654a9af05002852656164696e67206461746162617365202e2e2e203137373838372066696c657320616e64206469726563746f726965732063757272656e746c7920696e7374616c6c65642e2903000000000000000100000002000000864bb6542fb005000a03000000000000003a00000002000000874bb6544b600700556e7061636b696e672068746f70202866726f6d202e2e2e2f61726368697665732f68746f705f302e362d315f693338362e64656229202e2e2e03000000000000000100000002000000874bb6547b6107000a03000000000000002200000002000000894bb6549b48030050726f63657373696e6720747269676765727320666f72206d616e2d6462202e2e2e03000000000000000100000002000000894bb654bf4903000a03000000000000001b000000020000008b4bb654bd4f030053657474696e672075702068746f702028302e362d3129202e2e2e030000000000000001000000020000008b4bb654f75003000a030000000000000004000000020000008d4bb6546c5803001b5b346803000000000000000e000000020000008d4bb65490590300726f6f744073767230333a7e2320030000000000000001000000010000008e4bb654cff4020068030000000000000001000000020000008e4bb65458f5020068030000000000000001000000010000008e4bb654e3b4050074030000000000000001000000020000008e4bb6545eb5050074030000000000000001000000010000008e4bb654bedf07006f030000000000000001000000020000008e4bb65428e007006f030000000000000001000000010000008e4bb6547af4090070030000000000000001000000020000008e4bb654fff4090070030000000000000001000000010000008f4bb654e42c00000d030000000000000001000000020000008f4bb654792d00000a030000000000000004000000020000008f4bb654663100001b5b346c030000000000000018000000020000008f4bb6548834000068746f703a205365676d656e746174696f6e206661756c74030000000000000001000000020000008f4bb654723700000a030000000000000004000000020000008f4bb6549c3800001b5b346803000000000000000e000000020000008f4bb65457390000726f6f744073767230333a7e232003000000000000000100000001000000914bb65473ea0d007003000000000000000100000002000000914bb65402eb0d007003000000000000000100000001000000924bb6541f0f02006103000000000000000100000002000000924bb654a60f02006103000000000000000100000001000000924bb654ff2a05007303000000000000000100000002000000924bb6547c2b05007303000000000000000100000001000000924bb654289006007303000000000000000100000002000000924bb654aa9006007303000000000000000100000001000000924bb654d76f09007703000000000000000100000002000000924bb654717009007703000000000000000100000001000000924bb6548e1c0d006403000000000000000100000002000000924bb654181d0d006403000000000000000100000001000000934bb6542a0100002003000000000000000100000002000000934bb654b40100002003000000000000000100000001000000934bb6546f3002007203000000000000000100000002000000934bb654e03002007203000000000000000100000001000000934bb654df2c04006f03000000000000000100000002000000934bb6545d2d04006f03000000000000000100000001000000934bb65491dc05006f03000000000000000100000002000000934bb65407dd05006f03000000000000000100000001000000934bb654efd506007403000000000000000100000002000000934bb65451d606007403000000000000000100000001000000934bb654a23809000d03000000000000000100000002000000934bb654893909000a03000000000000000400000002000000934bb654f04009001b5b346c03000000000000001900000002000000934bb654cc420900456e746572206e657720554e49582070617373776f72643a2003000000000000000100000001000000954bb6547e3c0c007403000000000000000100000001000000964bb654953900006503000000000000000100000001000000964bb654e7ae02007303000000000000000100000001000000964bb6542f4b05007403000000000000000100000001000000964bb6544c030b000d03000000000000000100000002000000964bb654dc030b000a03000000000000001a00000002000000964bb654c3050b00526574797065206e657720554e49582070617373776f72643a2003000000000000000100000001000000974bb65422b108007403000000000000000100000001000000974bb654b8700b006503000000000000000100000001000000974bb654edbf0d007303000000000000000100000001000000984bb65484d700007403000000000000000100000001000000984bb6544b4803000d03000000000000000100000002000000984bb654cd4803000a03000000000000002500000002000000984bb654e15403007061737377643a2070617373776f72642075706461746564207375636365737366756c6c7903000000000000000100000002000000984bb654065603000a03000000000000000400000002000000984bb6549c5603001b5b346803000000000000000e00000002000000984bb65421570300726f6f744073767230333a7e232003000000000000000100000001000000a54bb654cb9309006303000000000000000100000002000000a54bb6546b9409006303000000000000000100000001000000a54bb654337d0c006103000000000000000100000002000000a54bb654cc7d0c006103000000000000000100000001000000a64bb6541d6400007403000000000000000100000002000000a64bb654f66400007403000000000000000100000001000000a64bb654e80707002003000000000000000100000002000000a64bb6547f0807002003000000000000000100000001000000a74bb654778e05002f03000000000000000100000002000000a74bb654118f05002f03000000000000000100000001000000a74bb6543bc70d007003000000000000000100000002000000a74bb654cbc70d007003000000000000000100000001000000a74bb65441280f007203000000000000000100000002000000a74bb654d1280f007203000000000000000100000001000000a84bb654646e01006f03000000000000000100000002000000a84bb654f46e01006f03000000000000000100000001000000a84bb65463e003000903000000000000000400000002000000a84bb65492e103001b5b314403000000000000000400000002000000a84bb6544be203001b5b315003000000000000000400000002000000a84bb654d1e203001b5b314403000000000000000400000002000000a84bb65450e303001b5b315003000000000000000400000002000000a84bb654cee303001b5b314403000000000000000400000002000000a84bb65452e403001b5b315003000000000000000400000002000000a84bb654d3e403001b5b314403000000000000000400000002000000a84bb65497e503001b5b315003000000000000000400000002000000a84bb6542be603001b5b314403000000000000000400000002000000a84bb654aee603001b5b315003000000000000000400000002000000a84bb6542ee703001b5b314403000000000000000400000002000000a84bb654ade703001b5b315003000000000000000400000002000000a84bb6542ae803001b5b314403000000000000000400000002000000a84bb654a6e803001b5b315003000000000000000400000002000000a84bb65425e903001b5b314403000000000000000400000002000000a84bb654a6e903001b5b315003000000000000000a00000002000000a84bb65431ea0300636174202f70726f632f03000000000000000100000001000000a94bb654fdba04006303000000000000000100000002000000a94bb654abbb04006303000000000000000100000001000000a94bb6547bf606007003000000000000000100000002000000a94bb6540bf706007003000000000000000100000001000000a94bb654fd1909000903000000000000000400000002000000a94bb654a71b09001b5b314403000000000000000400000002000000a94bb6545c1c09001b5b315003000000000000000400000002000000a94bb654f81c09001b5b314403000000000000000400000002000000a94bb6547c1d09001b5b315003000000000000000400000002000000a94bb654fd1d09001b5b314403000000000000000400000002000000a94bb654801e09001b5b315003000000000000000400000002000000a94bb654ff1e09001b5b314403000000000000000400000002000000a94bb654811f09001b5b315003000000000000000400000002000000a94bb654022009001b5b314403000000000000000400000002000000a94bb654842009001b5b315003000000000000000400000002000000a94bb654632109001b5b314403000000000000000400000002000000a94bb654f02109001b5b315003000000000000000400000002000000a94bb6549d2209001b5b314403000000000000000400000002000000a94bb6541e2309001b5b315003000000000000000400000002000000a94bb654a22309001b5b314403000000000000000400000002000000a94bb6541f2409001b5b315003000000000000000400000002000000a94bb654a02409001b5b314403000000000000000400000002000000a94bb654212509001b5b315003000000000000000400000002000000a94bb654a22509001b5b314403000000000000000400000002000000a94bb654222609001b5b315003000000000000000400000002000000a94bb6549f2609001b5b314403000000000000000400000002000000a94bb6541d2709001b5b315003000000000000000400000002000000a94bb6549e2709001b5b314403000000000000000400000002000000a94bb6541a2809001b5b315003000000000000001200000002000000a94bb654a5280900636174202f70726f632f637075696e666f2003000000000000000100000001000000aa4bb6544b4f03000d03000000000000000100000002000000aa4bb654eb4f03000a03000000000000000400000002000000aa4bb6547b7203001b5b346c03000000000000008405000002000000aa4bb6541439040070726f636573736f72093a20300a76656e646f725f6964093a2047656e75696e65496e74656c0a6370752066616d696c79093a20360a6d6f64656c09093a2032330a6d6f64656c206e616d65093a20496e74656c28522920436f726528544d29322044756f204350552020202020453832303020204020322e363647487a0a7374657070696e67093a20360a637075204d487a09093a20323133332e3330350a63616368652073697a65093a2036313434204b420a706879736963616c206964093a20300a7369626c696e6773093a20320a636f726520696409093a20300a63707520636f726573093a20320a61706963696409093a20300a696e697469616c20617069636964093a20300a66707509093a207965730a6670755f657863657074696f6e093a207965730a6370756964206c6576656c093a2031300a777009093a207965730a666c61677309093a2066707520766d652064652070736520747363206d737220706165206d636520637838206170696320736570206d74727220706765206d636120636d6f762070617420707365333620636c666c757368206474732061637069206d6d78206678737220737365207373653220737320687420746d207062652073797363616c6c206e78206c6d20636f6e7374616e745f74736320617263685f706572666d6f6e207065627320627473207265705f676f6f6420706e69206d6f6e69746f722064735f63706c20766d7820736d782065737420746d322073737365332063783136207874707220737365345f31206c6168665f6c6d0a626f676f6d697073093a20343237302e30330a636c666c7573682073697a65093a2036340a63616368655f616c69676e6d656e74093a2036340a616464726573732073697a6573093a203336206269747320706879736963616c2c2034382062697473207669727475616c0a706f776572206d616e6167656d656e743a0a0a70726f636573736f72093a20310a76656e646f725f6964093a2047656e75696e65496e74656c0a6370752066616d696c79093a20360a6d6f64656c09093a2032330a6d6f64656c206e616d65093a20496e74656c28522920436f726528544d29322044756f204350552020202020453832303020204020322e363647487a0a7374657070696e67093a20360a637075204d487a09093a20323133332e3330350a63616368652073697a65093a2036313434204b420a706879736963616c206964093a20300a7369626c696e6773093a20320a636f726520696409093a20310a63707520636f726573093a20320a61706963696409093a20310a696e697469616c20617069636964093a20310a66707509093a207965730a6670755f657863657074696f6e093a207965730a6370756964206c6576656c093a2031300a777009093a207965730a666c61677309093a2066707520766d652064652070736520747363206d737220706165206d636520637838206170696320736570206d74727220706765206d636120636d6f762070617420707365333620636c666c757368206474732061637069206d6d78206678737220737365207373653220737320687420746d207062652073797363616c6c206e78206c6d20636f6e7374616e745f74736320617263685f706572666d6f6e207065627320627473207265705f676f6f6420706e69206d6f6e69746f722064735f63706c20766d7820736d782065737420746d322073737365332063783136207874707220737365345f31206c6168665f6c6d0a626f676f6d697073093a20343236362e36310a636c666c7573682073697a65093a2036340a63616368655f616c69676e6d656e74093a2036340a616464726573732073697a6573093a203336206269747320706879736963616c2c2034382062697473207669727475616c0a706f776572206d616e6167656d656e743a0a0a03000000000000000400000002000000aa4bb654283c04001b5b346803000000000000000e00000002000000aa4bb654963d0400726f6f744073767230333a7e232003000000000000000100000001000000af4bb654bf5c02007703000000000000000100000002000000af4bb654585d02007703000000000000000100000001000000af4bb654bea505006703000000000000000100000002000000af4bb6546ea605006703000000000000000100000001000000af4bb6541e2408006503000000000000000100000002000000af4bb654c82408006503000000000000000100000001000000af4bb654386e0a007403000000000000000100000002000000af4bb654d06e0a007403000000000000000100000001000000b04bb65442130a002003000000000000000100000002000000b04bb654d0130a002003000000000000000100000001000000b14bb654d6b403006803000000000000000100000002000000b14bb65463b503006803000000000000000100000001000000b14bb6543f0007007403000000000000000100000002000000b14bb654db0007007403000000000000000100000001000000b14bb654d3d508007403000000000000000100000002000000b14bb6546dd608007403000000000000000100000001000000b14bb654df340c007003000000000000000100000002000000b14bb65467350c007003000000000000000100000001000000b24bb654504101003a03000000000000000100000002000000b24bb654d34101003a03000000000000000100000001000000b24bb654adf504002f03000000000000000100000002000000b24bb6542af604002f03000000000000000100000001000000b24bb654ed1107002f03000000000000000100000002000000b24bb654801207002f03000000000000000100000001000000b34bb65426d800003103000000000000000100000002000000b34bb654c2d800003103000000000000000100000001000000b34bb654e83905003903000000000000000100000002000000b34bb654713a05003903000000000000000100000001000000b34bb6545b8406003203000000000000000100000002000000b34bb654e28406003203000000000000000100000001000000b44bb654379c02002e03000000000000000100000002000000b44bb654c19c02002e03000000000000000100000001000000b44bb6544aeb05003103000000000000000100000002000000b44bb654cdeb05003103000000000000000100000001000000b44bb654f1600a003603000000000000000100000002000000b44bb65479610a003603000000000000000100000001000000b44bb65473db0d003803000000000000000100000002000000b44bb6540adc0d003803000000000000000100000001000000b54bb6544e7108002e03000000000000000100000002000000b54bb654d87108002e03000000000000000100000001000000b54bb654705b0b003203000000000000000100000002000000b54bb654ee5b0b003203000000000000000100000001000000b54bb654ddad0e002e03000000000000000100000002000000b54bb65455ae0e002e03000000000000000100000001000000bb4bb65425ae04003103000000000000000100000002000000bb4bb6541daf04003103000000000000000100000001000000bb4bb65484070b003503000000000000000100000002000000bb4bb6540f080b003503000000000000000100000001000000bc4bb6543ca308007f03000000000000000400000002000000bc4bb65409a408001b5b314403000000000000000400000002000000bc4bb654eda408001b5b315003000000000000000100000001000000bc4bb65481f00e003403000000000000000100000002000000bc4bb6540cf10e003403000000000000000100000001000000bd4bb6540eba01003503000000000000000100000002000000bd4bb65490ba01003503000000000000000100000001000000be4bb654730202002f03000000000000000100000002000000be4bb654ff0202002f03000000000000000100000001000000c34bb654744300007303000000000000000100000002000000c34bb654f14300007303000000000000000100000001000000c34bb6547cf603007503000000000000000100000002000000c34bb654f7f603007503000000000000000100000001000000c34bb65498f807007003000000000000000100000002000000c34bb65422f907007003000000000000000100000001000000c34bb654a0a709006503000000000000000100000002000000c34bb65426a809006503000000000000000100000001000000c34bb6546cb30b007203000000000000000100000002000000c34bb654f4b30b007203000000000000000100000001000000c44bb654259208005203000000000000000100000002000000c44bb654b09208005203000000000000000100000001000000c44bb654093a0c005403000000000000000100000002000000c44bb654903a0c005403000000000000000100000001000000c54bb654378a02002e03000000000000000100000002000000c54bb654cc8a02002e03000000000000000100000001000000c54bb654282d0d007a03000000000000000100000002000000c54bb654b22d0d007a03000000000000000100000001000000c64bb654b81d01006903000000000000000100000002000000c64bb6542d1e01006903000000000000000100000001000000c64bb6544ff905007003000000000000000100000002000000c64bb654daf905007003000000000000000100000001000000c64bb654353e0e000d03000000000000000100000002000000c64bb654dd3e0e000a03000000000000000400000002000000c64bb6541a440e001b5b346c03000000000000003900000002000000c64bb654bc460e002d2d323031352d30312d31342031303a35383a31342d2d2020687474703a2f2f3139322e3136382e322e3134352f737570657252542e7a697003000000000000000100000002000000c64bb6545f470e000a03000000000000002c00000002000000c64bb654eb470e00436f6e6e656374696e6720746f203139322e3136382e322e3134353a38302e2e2e20636f6e6e65637465642e03000000000000000100000002000000c64bb65470480e000a03000000000000002800000002000000c64bb654f4480e004854545020726571756573742073656e742c206177616974696e6720726573706f6e73652e2e2e2003000000000000000600000002000000c64bb6542f6d0e00323030204f4b03000000000000000100000002000000c64bb654376e0e000a03000000000000002300000002000000c64bb654e06e0e004c656e6774683a20323034322028314b29205b6170706c69636174696f6e2f7a69705d03000000000000000100000002000000c64bb654656f0e000a03000000000000001700000002000000c64bb65404710e00536176696e6720746f3a2060737570657252542e7a697003000000000000000100000002000000c64bb654a2710e000a03000000000000000100000002000000c64bb65427720e000a03000000000000004c00000002000000c64bb6543a730e000d31303025205b3d3d3d3d3d3d3d3d3d3d3d3d3d3d3d3d3d3d3d3d3d3d3d3d3d3d3d3d3d3d3d3d3d3d3d3d3d3d3d3e5d20322c30343220202020202020203139344b2f73202065746120307303000000000000004200000002000000c64bb654ec730e000d313030255b3d3d3d3d3d3d3d3d3d3d3d3d3d3d3d3d3d3d3d3d3d3d3d3d3d3d3d3d3d3d3d3d3d3d3d3d3d3d3e5d20322c30343220202020202020203139344b2f7303000000000000000100000002000000c64bb65482740e000a03000000000000000100000002000000c64bb654fd740e000a03000000000000004000000002000000c64bb6548e750e00323031352d30312d31342031303a35383a31342028313934204b422f7329202d2060737570657252542e7a697027207361766564205b323034322f323034325d03000000000000000100000002000000c64bb65414760e000a03000000000000000400000002000000c64bb654df790e001b5b346803000000000000000e00000002000000c64bb6540e7b0e00726f6f744073767230333a7e232003000000000000000100000001000000c94bb6542a140e006c03000000000000000100000002000000c94bb654ba140e006c03000000000000000100000001000000ca4bb654eb3200007303000000000000000100000002000000ca4bb6545b3300007303000000000000000100000001000000ca4bb65495c501000d03000000000000000100000002000000ca4bb65404c601000a03000000000000000400000002000000ca4bb65461c901001b5b346c03000000000000000c00000002000000ca4bb654adcb0100737570657252542e7a69702003000000000000000100000002000000ca4bb6543ccc01000a03000000000000000400000002000000ca4bb65422cd01001b5b346803000000000000000e00000002000000ca4bb6546dce0100726f6f744073767230333a7e232003000000000000000100000001000000cb4bb65470b20d007403000000000000000100000002000000cb4bb65403b30d007403000000000000000100000001000000cc4bb654764202006103000000000000000100000002000000cc4bb654114302006103000000000000000100000001000000cc4bb6547c2705007203000000000000000100000002000000cc4bb654092805007203000000000000000100000001000000cc4bb654986f0b002003000000000000000100000002000000cc4bb65424700b002003000000000000000100000001000000cd4bb6543df501002d03000000000000000100000002000000cd4bb654bbf501002d03000000000000000100000001000000cd4bb6547cc20a007803000000000000000100000002000000cd4bb6540bc30a007803000000000000000100000001000000cd4bb6549f430e006603000000000000000100000002000000cd4bb65426440e006603000000000000000100000001000000ce4bb6544b2b07002003000000000000000100000002000000ce4bb654d52b07002003000000000000000100000001000000ce4bb6541aa20b007303000000000000000100000002000000ce4bb654a5a20b007303000000000000000100000001000000cf4bb654d2fb00000903000000000000000400000002000000cf4bb654affc00001b5b314403000000000000000400000002000000cf4bb654f6fe00001b5b315003000000000000000400000002000000cf4bb6547eff00001b5b314403000000000000000400000002000000cf4bb654fbff00001b5b315003000000000000000400000002000000cf4bb654780001001b5b314403000000000000000400000002000000cf4bb654f50001001b5b315003000000000000000400000002000000cf4bb654720101001b5b314403000000000000000400000002000000cf4bb654ee0101001b5b315003000000000000000400000002000000cf4bb6546a0201001b5b314403000000000000000400000002000000cf4bb654090301001b5b315003000000000000000400000002000000cf4bb6548a0301001b5b314403000000000000000400000002000000cf4bb654050401001b5b315003000000000000000400000002000000cf4bb654810401001b5b314403000000000000000400000002000000cf4bb654fc0401001b5b315003000000000000000400000002000000cf4bb654780501001b5b314403000000000000000400000002000000cf4bb654550601001b5b315003000000000000000400000002000000cf4bb654f10601001b5b314403000000000000000400000002000000cf4bb654750701001b5b315003000000000000001400000002000000cf4bb654fb070100746172202d786620737570657252542e7a69702003000000000000000100000001000000cf4bb654929a0b000d03000000000000000100000002000000cf4bb6543d9b0b000a03000000000000000400000002000000cf4bb654f29f0b001b5b346c03000000000000002a00000002000000cf4bb65461190c007461723a207468697320646f6573206e6f74206c6f6f6b206c696b65206120746172206172636869766503000000000000000100000002000000cf4bb654021b0c000a03000000000000001c00000002000000cf4bb654871b0c007461723a20736b697070696e6720746f206e6578742068656164657203000000000000000100000002000000cf4bb654081c0c000a03000000000000002c00000002000000cf4bb654861c0c007461723a206572726f7220657869742064656c617965642066726f6d2070726576696f7573206572726f727303000000000000000100000002000000cf4bb654031d0c000a03000000000000000400000002000000cf4bb654b11d0c001b5b346803000000000000000e00000002000000cf4bb654461e0c00726f6f744073767230333a7e232003000000000000000300000002000000d54bb654c71107001b5b4b03000000000000000100000002000000d54bb654f31207007403000000000000000100000002000000d54bb654791307006103000000000000000100000002000000d54bb654f51307007203000000000000000100000002000000d54bb654711407002003000000000000000100000002000000d54bb654ec1407002d03000000000000000100000002000000d54bb654671507007803000000000000000100000002000000d54bb654e21507006603000000000000000100000002000000d54bb6545d1607002003000000000000000100000002000000d54bb654d61607007303000000000000000100000002000000d54bb654511707007503000000000000000100000002000000d54bb654e91707007003000000000000000100000002000000d54bb654661807006503000000000000000100000002000000d54bb654e11807007203000000000000000100000002000000d54bb6545c1907005203000000000000000100000002000000d54bb654d41907005403000000000000000100000002000000d54bb6544f1a07002e03000000000000000100000002000000d54bb654ca1a07007a03000000000000000100000002000000d54bb654441b07006903000000000000000100000002000000d54bb654bc1b07007003000000000000000100000002000000d54bb6543d1c07002003000000000000000400000002000000d54bb65463db09001b5b314403000000000000000400000002000000d64bb654fd1702001b5b314403000000000000000400000002000000d64bb654f4be02001b5b314403000000000000000400000002000000d64bb654546503001b5b314403000000000000000400000002000000d64bb654e40004001b5b314403000000000000000400000002000000d64bb6545f9c04001b5b314403000000000000000400000002000000d64bb6544b3705001b5b314403000000000000000400000002000000d64bb65404d305001b5b314403000000000000000400000002000000d64bb654016e06001b5b314403000000000000000400000002000000d64bb654bd0907001b5b314403000000000000000400000002000000d64bb65410a507001b5b314403000000000000000400000002000000d64bb654d84008001b5b314403000000000000000400000002000000d64bb65417e408001b5b314403000000000000000400000002000000d64bb6548c7709001b5b314403000000000000000400000002000000d64bb654741e0a001b5b314403000000000000000400000002000000d64bb65482b90a001b5b314403000000000000000400000002000000d64bb654b2540b001b5b314403000000000000000400000002000000d64bb654aaf00b001b5b314403000000000000000400000002000000d64bb654168c0c001b5b314403000000000000000400000002000000d64bb6542f270d001b5b314403000000000000000100000001000000d74bb654c14c04007303000000000000000100000002000000d74bb654584d04007303000000000000000100000001000000d74bb654755d07007503000000000000000100000002000000d74bb654fc5d07007503000000000000000100000001000000d74bb6543cbe08006403000000000000000100000002000000d74bb654a9be08006403000000000000000100000001000000d74bb65460510a006903000000000000000100000002000000d74bb654d8510a006903000000000000000100000001000000d84bb654c6c507007f03000000000000000400000002000000d84bb65466c607001b5b314403000000000000000400000002000000d84bb6540fc707001b5b315003000000000000000100000001000000d84bb65443530b006f03000000000000000100000002000000d84bb654d6530b006f03000000000000000100000001000000d84bb654a7020d002003000000000000000100000002000000d84bb6542d030d002003000000000000000100000001000000d94bb6545c5903000d03000000000000000100000002000000d94bb654f35903000a03000000000000001d00000002000000d94bb6549c5f0300626173683a207375646f3a20636f6d6d616e64206e6f7420666f756e6403000000000000000100000002000000d94bb654e46103000a03000000000000000e00000002000000d94bb6547e620300726f6f744073767230333a7e232003000000000000000100000001000000de4bb654ddfc08007003000000000000000100000002000000de4bb65476fd08007003000000000000000100000001000000de4bb654db150c006903000000000000000100000002000000de4bb65457160c006903000000000000000100000001000000de4bb65494630e006e03000000000000000100000002000000de4bb65426640e006e03000000000000000100000001000000df4bb654a36300006703000000000000000100000002000000df4bb6542d6400006703000000000000000100000001000000df4bb65490c102002003000000000000000100000002000000df4bb65410c202002003000000000000000100000001000000df4bb654aef505007703000000000000000100000002000000df4bb65442f605007703000000000000000100000001000000df4bb654dbfd07007703000000000000000100000002000000df4bb65463fe07007703000000000000000100000001000000df4bb654a9ee09007703000000000000000100000002000000df4bb65428ef09007703000000000000000100000001000000e04bb654f6b704002e03000000000000000100000002000000e04bb6548ab804002e03000000000000000100000001000000e14bb654492300006703000000000000000100000002000000e14bb654bb2300006703000000000000000100000001000000e14bb654678402006f03000000000000000100000002000000e14bb654df8402006f03000000000000000100000001000000e14bb654643304006f03000000000000000100000002000000e14bb654d73304006f03000000000000000100000001000000e14bb654bd4b05006703000000000000000100000002000000e14bb6545c4c05006703000000000000000100000001000000e14bb6541e6b07006c03000000000000000100000002000000e14bb654bb6b07006c03000000000000000100000001000000e14bb65497d808006503000000000000000100000002000000e14bb65403d908006503000000000000000100000001000000e24bb654c54301002e03000000000000000100000002000000e24bb6544f4401002e03000000000000000100000001000000e24bb654726304006303000000000000000100000002000000e24bb654ec6304006303000000000000000100000001000000e24bb654e73806006f03000000000000000100000002000000e24bb6545d3906006f03000000000000000100000001000000e24bb654438408006d03000000000000000100000002000000e24bb654e78408006d03000000000000000100000001000000e24bb654204e0b000d03000000000000000100000002000000e24bb654c24e0b000a03000000000000000400000002000000e24bb6541f530b001b5b346c03000000000000003800000002000000e24bb65480580b0050494e47207777772e676f6f676c652e636f6d202831302e31392e3132332e35352920353628383429206279746573206f6620646174612e03000000000000000100000002000000e24bb65485600b000a03000000000000004b00000002000000e24bb654ff6e0e0036342062797465732066726f6d207777772e676f6f676c652e636f6d202831302e31392e3132332e3535293a2069636d705f7365713d312074746c3d35302074696d653d34302e38206d7303000000000000000100000002000000e24bb65475700e000a03000000000000004b00000002000000e34bb65469720e0036342062797465732066726f6d207777772e676f6f676c652e636f6d202831302e31392e3132332e3535293a2069636d705f7365713d322074746c3d35302074696d653d34312e33206d7303000000000000000100000002000000e34bb654c4730e000a03000000000000004b00000002000000e44bb654b2750e0036342062797465732066726f6d207777772e676f6f676c652e636f6d202831302e31392e3132332e3535293a2069636d705f7365713d332074746c3d35302074696d653d34382e36206d7303000000000000000100000002000000e44bb654d6760e000a03000000000000004b00000002000000e54bb654bc780e0036342062797465732066726f6d207777772e676f6f676c652e636f6d202831302e31392e3132332e3535293a2069636d705f7365713d342074746c3d35302074696d653d34352e35206d7303000000000000000100000002000000e54bb654ff790e000a03000000000000000100000001000000e64bb654718109000303000000000000002600000002000000e64bb654248209002d2d2d207777772e676f6f676c652e636f6d2070696e672073746174697374696373202d2d2d03000000000000000100000002000000e64bb654da8209000a03000000000000003d00000002000000e64bb6546183090034207061636b657473207472616e736d69747465642c20342072656365697665642c203025207061636b6574206c6f73732c2074696d65203930376d7303000000000000000100000002000000e64bb654e58309000a03000000000000003400000002000000e64bb65461840900727474206d696e2f6176672f6d61782f6d646576203d2034382e3236342f35302e3335322f35322e3434312f322e313030206d7303000000000000000100000002000000e64bb654e38409000a03000000000000000400000002000000e64bb654678509001b5b346803000000000000000e00000002000000e64bb654ec850900726f6f744073767230333a7e232003000000000000000100000001000000e94bb6547d3f0c006103000000000000000100000002000000e94bb65426400c006103000000000000000100000001000000e94bb654e0080f007203000000000000000100000002000000e94bb6546a090f007203000000000000000100000001000000ea4bb65407c802007003000000000000000100000002000000ea4bb65497c802007003000000000000000100000001000000ea4bb654ad2804002003000000000000000100000002000000ea4bb654532904002003000000000000000100000001000000ea4bb654e3f607002d03000000000000000100000002000000ea4bb65462f707002d03000000000000000100000001000000ea4bb6546bd909006103000000000000000100000002000000ea4bb654e1d909006103000000000000000100000001000000ea4bb654eae90e000d03000000000000000100000002000000ea4bb65482ea0e000a03000000000000001c00000002000000ea4bb654173f0f00626173683a206172703a20636f6d6d616e64206e6f7420666f756e6403000000000000000100000002000000ea4bb65451400f000a03000000000000000e00000002000000ea4bb6544f410f00726f6f744073767230333a7e232003000000000000000100000001000000ee4bb6546d0606006503000000000000000100000002000000ee4bb654fb0606006503000000000000000100000001000000ee4bb65411ae08007803000000000000000100000002000000ee4bb65484ae08007803000000000000000100000001000000ee4bb654c8830a006903000000000000000100000002000000ee4bb65453840a006903000000000000000100000001000000ee4bb654a4e80b007403000000000000000100000002000000ee4bb65426e90b007403000000000000000100000001000000ee4bb65430a70e000d03000000000000000100000002000000ee4bb654b9a70e000a03000000000000000400000002000000ee4bb6549aac0e001b5b346c03000000000000000200000002000000ee4bb6549fad0e001b6303000000000000000400000002000000ee4bb65407af0e001b5b346803000000000000000e00000002000000ee4bb65463af0e00726f6f744073767230333a7e232002000000000000000000000000000000ee4bb654aabe0e00),
(3, '238e170e9c9711e49648000c29c7ad77', 0x010000000000000000000000000000005f85b75467030600030000000000000004000000020000006085b7541d2300001b5b346803000000000000000e000000020000006085b7540e9d0000726f6f744073767230333a7e2320020000000000000000000000000000000c86b7543e890100),
(4, 'd8ee37a09c9711e4af4e000c29c7ad77', 0x010000000000000000000000000000008e86b754fdac0200030000000000000004000000020000008e86b754c0190c001b5b346803000000000000000e000000020000008e86b754aa1f0c00726f6f744073767230333a7e2320020000000000000000000000000000009d86b754ad190b00),
(5, '721f0aa69c9f11e4a26b000c29c7ad77', 0x010000000000000000000000000000004f93b7549b530900030000000000000004000000020000005093b754a14703001b5b346803000000000000000e000000020000005093b754c04d0300726f6f744073767230333a7e2320020000000000000000000000000000005293b75482d00800),
(6, 'dba4efc29c9f11e4954d000c29c7ad77', 0x010000000000000000000000000000000094b75498dd0800030000000000000004000000020000000194b7543a0703001b5b346803000000000000000e000000020000000194b754e90d0300726f6f744073767230333a7e2320020000000000000000000000000000000594b75450d60200),
(7, '297ce2229ca011e4bd87000c29c7ad77', 0x010000000000000000000000000000008194b754c6230600030000000000000004000000020000008194b754fc110f001b5b346803000000000000000e000000020000008194b75421260f00726f6f744073767230333a7e2320020000000000000000000000000000008494b75467b80700),
(8, '6e0e1f969ca011e49ac2000c29c7ad77', 0x01000000000000000000000000000000f494b7541d520a0003000000000000000400000002000000f594b754a18904001b5b346803000000000000000e00000002000000f594b754f18e0400726f6f744073767230333a7e232002000000000000000000000000000000f894b7549ac40400),
(9, '11973f009cbd11e4b496000c29c7ad77', 0x0100000000000000000000000000000001c5b754ef0707000300000000000000040000000200000002c5b7544e6801001b5b346803000000000000000e0000000200000002c5b75448c20100726f6f744073767230333a7e23200300000000000000010000000100000003c5b754c87b03000d0300000000000000010000000200000003c5b754637c03000a03000000000000000e0000000200000003c5b754eb7e0300726f6f744073767230333a7e23200300000000000000010000000100000003c5b754525605000d0300000000000000010000000200000003c5b754f35605000a03000000000000000e0000000200000003c5b75496580500726f6f744073767230333a7e23200200000000000000000000000000000006c5b75486960100);
INSERT INTO `ttylog` (`id`, `session`, `ttylog`) VALUES
(10, '624f9a149cc211e4b496000c29c7ad77', 0x01000000000000000000000000000000eecdb7548cda000003000000000000000400000002000000eecdb75495f40b001b5b346803000000000000000e00000002000000eecdb754c2fa0b00726f6f744073767230333a7e232003000000000000000100000001000000f1cdb75456150e006103000000000000000100000002000000f1cdb754e0150e006103000000000000000100000001000000f2cdb7548c1b04007003000000000000000100000002000000f2cdb7541c1c04007003000000000000000100000001000000f2cdb7543ea709007403000000000000000100000002000000f2cdb754c6a709007403000000000000000100000001000000f2cdb754bd570e002d03000000000000000100000002000000f2cdb75444580e002d03000000000000000100000001000000f3cdb754032c04006703000000000000000100000002000000f3cdb754802c04006703000000000000000100000001000000f3cdb754f7af06006503000000000000000100000002000000f3cdb75477b006006503000000000000000100000001000000f3cdb754d69809007403000000000000000100000002000000f3cdb7546d9909007403000000000000000100000001000000f3cdb7545de90b002003000000000000000100000002000000f3cdb754e2e90b002003000000000000000100000001000000f4cdb75412e701006903000000000000000100000002000000f4cdb754f0e701006903000000000000000100000001000000f4cdb754e13706006e03000000000000000100000002000000f4cdb7546a3806006e03000000000000000100000001000000f4cdb754a04709007303000000000000000100000002000000f4cdb7541b4809007303000000000000000100000001000000f4cdb754a0bb0e007403000000000000000100000002000000f4cdb75428bc0e007403000000000000000100000001000000f5cdb7540c8902006103000000000000000100000002000000f5cdb754888902006103000000000000000100000001000000f5cdb75412c106006c03000000000000000100000002000000f5cdb7549ac106006c03000000000000000100000001000000f5cdb754dd2308006c03000000000000000100000002000000f5cdb754482408006c03000000000000000100000001000000f5cdb75494770c002003000000000000000100000002000000f5cdb7540c780c002003000000000000000100000001000000f8cdb754980505006803000000000000000100000002000000f8cdb754240605006803000000000000000100000001000000f8cdb75424d307007403000000000000000100000002000000f8cdb754aed307007403000000000000000100000001000000f8cdb75432b50b006f03000000000000000100000002000000f8cdb754aeb50b006f03000000000000000100000001000000f8cdb754a2e70d007003000000000000000100000002000000f8cdb75429e80d007003000000000000000100000001000000f9cdb754b0ae03000d03000000000000000100000002000000f9cdb7543faf03000a03000000000000000400000002000000f9cdb7540ff603001b5b346c03000000000000001d00000002000000f9cdb7544dfe030052656164696e67207061636b616765206c697374732e2e2e20446f6e6503000000000000000100000002000000f9cdb75406ff03000a03000000000000001800000002000000f9cdb75484ff03004275696c64696e6720646570656e64656e6379207472656503000000000000000100000002000000f9cdb754000004000a03000000000000002100000002000000f9cdb7547800040052656164696e6720737461746520696e666f726d6174696f6e2e2e2e20446f6e6503000000000000000100000002000000f9cdb754f80004000a03000000000000002d00000002000000f9cdb7547001040054686520666f6c6c6f77696e67204e4557207061636b616765732077696c6c20626520696e7374616c6c65643a03000000000000000100000002000000f9cdb754ef0104000a03000000000000000700000002000000f9cdb7546a020400202068746f702003000000000000000100000002000000f9cdb754e30204000a03000000000000004000000002000000f9cdb75469030400302075706772616465642c2031206e65776c7920696e7374616c6c65642c203020746f2072656d6f766520616e6420323539206e6f742075706772616465642e03000000000000000100000002000000f9cdb754ed0304000a03000000000000002000000002000000f9cdb754bb0404004e65656420746f20676574203838392e326b42206f662061726368697665732e03000000000000000100000002000000f9cdb7543c0504000a03000000000000004500000002000000f9cdb754c005040041667465722074686973206f7065726174696f6e2c20313935352e386b42206f66206164646974696f6e616c206469736b2073706163652077696c6c20626520757365642e03000000000000000100000002000000f9cdb7545d0604000a03000000000000003d00000002000000f9cdb754e70604004765743a3120687474703a2f2f6674702e64656269616e2e6f726720737461626c652f6d61696e2068746f7020312e32302d31205b3838392e326b425d03000000000000000100000002000000f9cdb754670704000a03000000000000001f00000002000000facdb7541519070046657463686564203838392e326b4220696e203173202834343933422f732903000000000000000100000002000000facdb754d41a07000a03000000000000001e00000002000000facdb7545e1b070052656164696e67207061636b616765206669656c64732e2e2e20446f6e6503000000000000000100000002000000facdb754e11b07000a03000000000000001e00000002000000fccdb75465db020052656164696e67207061636b616765207374617475732e2e2e20446f6e6503000000000000000100000002000000fccdb75485dc02000a03000000000000004800000002000000fccdb75417dd02002852656164696e67206461746162617365202e2e2e203137373838372066696c657320616e64206469726563746f726965732063757272656e746c7920696e7374616c6c65642e2903000000000000000100000002000000fccdb754b8dd02000a03000000000000003b00000002000000fdcdb754d00a0c00556e7061636b696e672068746f70202866726f6d202e2e2e2f61726368697665732f68746f705f312e32302d315f693338362e64656229202e2e2e03000000000000000100000002000000fdcdb754f70b0c000a03000000000000002200000002000000ffcdb75446e0060050726f63657373696e6720747269676765727320666f72206d616e2d6462202e2e2e03000000000000000100000002000000ffcdb7546fe106000a03000000000000001c0000000200000001ceb754b8e2060053657474696e672075702068746f702028312e32302d3129202e2e2e0300000000000000010000000200000001ceb754d3e306000a0300000000000000040000000200000003ceb7549cec06001b5b346803000000000000000e0000000200000003ceb754d6ed0600726f6f744073767230333a7e23200300000000000000010000000100000016ceb754ad7c0600680300000000000000010000000200000016ceb754477d0600680300000000000000010000000100000016ceb754610d0a00740300000000000000010000000200000016ceb754ea0d0a00740300000000000000010000000100000016ceb75456c50d006f0300000000000000010000000200000016ceb754f1c50d006f0300000000000000010000000100000017ceb754891d0100700300000000000000010000000200000017ceb754131e0100700300000000000000010000000100000017ceb7543f4905000d0300000000000000010000000200000017ceb754ce4905000a0300000000000000040000000200000017ceb754994e05001b5b346c0300000000000000180000000200000017ceb7545250050068746f703a205365676d656e746174696f6e206661756c740300000000000000010000000200000017ceb754ec5005000a0300000000000000040000000200000017ceb754735105001b5b346803000000000000000e0000000200000017ceb754f8510500726f6f744073767230333a7e23200300000000000000010000000100000024ceb7546a270400770300000000000000010000000200000024ceb754f9270400770300000000000000010000000100000024ceb754d2ee0800670300000000000000010000000200000024ceb75450ef0800670300000000000000010000000100000024ceb75422010d00650300000000000000010000000200000024ceb754bd010d00650300000000000000010000000100000025ceb75482840000740300000000000000010000000200000025ceb75416850000740300000000000000010000000100000025ceb7545bf80900200300000000000000010000000200000025ceb754e3f80900200300000000000000010000000100000025ceb7541a020a00620300000000000000010000000200000025ceb75469020a00620300000000000000010000000100000026ceb75467e40e007f0300000000000000040000000200000026ceb75408e50e001b5b31440300000000000000040000000200000026ceb754b1e50e001b5b31500300000000000000010000000100000027ceb7545c210e00310300000000000000010000000200000027ceb754e6210e00310300000000000000010000000100000028ceb7546f1707007f0300000000000000040000000200000028ceb754fb1707001b5b31440300000000000000040000000200000028ceb7549e1807001b5b31500300000000000000010000000100000028ceb754db390e00670300000000000000010000000200000028ceb7546e3a0e00670300000000000000010000000100000029ceb754fec505007f0300000000000000040000000200000029ceb7549cc605001b5b31440300000000000000040000000200000029ceb7542cc905001b5b31500300000000000000010000000100000029ceb754fbe40c00680300000000000000010000000200000029ceb75488e50c0068030000000000000001000000010000002aceb7546d75010074030000000000000001000000020000002aceb7540476010074030000000000000001000000010000002aceb7549207030074030000000000000001000000020000002aceb7541c08030074030000000000000001000000010000002aceb7548b98060070030000000000000001000000020000002aceb7540f99060070030000000000000001000000010000002aceb7541e190f003a030000000000000001000000020000002aceb754a9190f003a030000000000000001000000010000002bceb7546aec08002f030000000000000001000000020000002bceb754f5ec08002f030000000000000001000000010000002bceb754a7250b002f030000000000000001000000020000002bceb7541c260b002f030000000000000001000000010000002dceb7543f61000031030000000000000001000000020000002dceb754d861000031030000000000000001000000010000002dceb754a12b060039030000000000000001000000020000002dceb754402c060039030000000000000001000000010000002dceb7541a6e0b0032030000000000000001000000020000002dceb754b76e0b0032030000000000000001000000010000002eceb7546b8905002e030000000000000001000000020000002eceb754f18905002e030000000000000001000000010000002eceb754626d090031030000000000000001000000020000002eceb7540a6e090031030000000000000001000000010000002eceb754b0460e0036030000000000000001000000020000002eceb75484470e0036030000000000000001000000010000002fceb7542542050039030000000000000001000000020000002fceb754a842050039030000000000000001000000010000002fceb75461c60d002e030000000000000001000000020000002fceb754ecc60d002e0300000000000000010000000100000030ceb7541be80700320300000000000000010000000200000030ceb754a2e80700320300000000000000010000000100000030ceb754c6630d002e0300000000000000010000000200000030ceb7543c640d002e0300000000000000010000000100000031ceb754420e0500310300000000000000010000000200000031ceb754d10e0500310300000000000000010000000100000031ceb754dbf40800340300000000000000010000000200000031ceb75462f50800340300000000000000010000000100000031ceb754db3e0b00350300000000000000010000000200000031ceb754503f0b00350300000000000000010000000100000032ceb75460de06002f0300000000000000010000000200000032ceb754ecde06002f0300000000000000010000000100000033ceb754b24b0500740300000000000000010000000200000033ceb7544c4c0500740300000000000000010000000100000033ceb754f97b09006f0300000000000000010000000200000033ceb7548f7c09006f0300000000000000010000000100000033ceb75402060b006f0300000000000000010000000200000033ceb7547e060b006f0300000000000000010000000100000033ceb75400860d006c0300000000000000010000000200000033ceb75485860d006c0300000000000000010000000100000034ceb754ca6a00006b0300000000000000010000000200000034ceb754536b00006b0300000000000000010000000100000034ceb7543f980200690300000000000000010000000200000034ceb754ce980200690300000000000000010000000100000034ceb754cd2c0600740300000000000000010000000200000034ceb754522d0600740300000000000000010000000100000035ceb75415c806002e0300000000000000010000000200000035ceb75499c806002e0300000000000000010000000100000035ceb75425670b007a0300000000000000010000000200000035ceb754c8670b007a0300000000000000010000000100000036ceb754bfb30100690300000000000000010000000200000036ceb7545eb40100690300000000000000010000000100000036ceb7540f5a0600700300000000000000010000000200000036ceb754995a0600700300000000000000010000000100000037ceb754f39405000d0300000000000000010000000200000037ceb754999505000a0300000000000000040000000200000037ceb754d09a05001b5b346c0300000000000000390000000200000037ceb7542e9d05002d2d323031352d30312d31352031343a32373a30332d2d2020687474703a2f2f3139322e3136392e322e3134352f746f6f6c6b69742e7a69700300000000000000010000000200000037ceb754de9d05000a03000000000000002c0000000200000037ceb7546e9e0500436f6e6e656374696e6720746f203139322e3136392e322e3134353a38302e2e2e20636f6e6e65637465642e0300000000000000010000000200000037ceb754f89e05000a0300000000000000280000000200000037ceb754a9a105004854545020726571756573742073656e742c206177616974696e6720726573706f6e73652e2e2e200300000000000000270000000200000055ceb754a9b30500557365722074696d656f75742063617573656420636f6e6e656374696f6e206661696c7572652e0300000000000000010000000200000055ceb754cdb405000a0300000000000000040000000200000055ceb75459b505001b5b346803000000000000000e0000000200000055ceb754e3b50500726f6f744073767230333a7e23200300000000000000010000000100000059ceb754c9e80000650300000000000000010000000200000059ceb75471e90000650300000000000000010000000100000059ceb75424c80400780300000000000000010000000200000059ceb754a9c80400780300000000000000010000000100000059ceb754321b0900690300000000000000010000000200000059ceb754b81b0900690300000000000000010000000100000059ceb754175e0c00790300000000000000010000000200000059ceb754a55e0c0079030000000000000001000000010000005aceb754f5700b007f030000000000000004000000020000005aceb7549b710b001b5b3144030000000000000004000000020000005aceb75476740b001b5b3150030000000000000001000000010000005bceb7544402080074030000000000000001000000020000005bceb754ce02080074030000000000000001000000010000005bceb75460870c000d030000000000000001000000020000005bceb754e8870c000a030000000000000004000000020000005bceb754808a0c001b5b346c030000000000000002000000020000005bceb754538c0c001b63030000000000000004000000020000005bceb754a38d0c001b5b346803000000000000000e000000020000005bceb754fd8d0c00726f6f744073767230333a7e2320020000000000000000000000000000005bceb754b49f0c00);

-- --------------------------------------------------------

--
-- Tabelstructuur voor tabel `users`
--

CREATE TABLE IF NOT EXISTS `users` (
  `id` tinyint(4) NOT NULL AUTO_INCREMENT,
  `username` varchar(50) NOT NULL,
  `password` varchar(100) NOT NULL,
  `admin` tinyint(1) NOT NULL,
  `email` varchar(100) NOT NULL,
  `kippoEmail` tinyint(1) NOT NULL,
  PRIMARY KEY (`id`),
  UNIQUE KEY `username` (`username`)
) ENGINE=InnoDB  DEFAULT CHARSET=latin1 AUTO_INCREMENT=8 ;

--
-- Gegevens worden uitgevoerd voor tabel `users`
--

INSERT INTO `users` (`id`, `username`, `password`, `admin`, `email`, `kippoEmail`) VALUES
(1, 'glenn', '5e884898da28047151d0e56f8dc6292773603d0d6aabbdd62a11ef721d1542d8', 1, 'glennvanschil@hotmail.com', 1),
(2, 'lennart', '5e884898da28047151d0e56f8dc6292773603d0d6aabbdd62a11ef721d1542d8', 1, 'lennart.pollaris@yahoo.com', 0),
(3, 'michiel', '5e884898da28047151d0e56f8dc6292773603d0d6aabbdd62a11ef721d1542d8', 1, 'vanderlindenmichiel@hotmail.com', 1),
(4, 'tom2', '9f86d081884c7d659a2feaa0c55ad015a3bf4f1b2b0b822cd15d6c15b0f00a08', 1, '', 0),
(6, 'tom1', 'c1ec571f1e7d0fcf8e49c607775c7a941419748d2a7d6cbef229177b5cbd0c7e', 1, '', 0),
(7, 'tom3', 'fd61a03af4f77d870fc21e05e7e80678095c92d808cfb3b5c279ee04c74aca13', 0, '', 0);

/*!40101 SET CHARACTER_SET_CLIENT=@OLD_CHARACTER_SET_CLIENT */;
/*!40101 SET CHARACTER_SET_RESULTS=@OLD_CHARACTER_SET_RESULTS */;
/*!40101 SET COLLATION_CONNECTION=@OLD_COLLATION_CONNECTION */;
